title,link,date
从细节做起——广西体彩河池分中心责任彩票宣传以实体店为阵地收获实效,http://www.lottery.gx.cn/sylm_171188/jdzx/376750.html,2024-12-25
广西体彩北海分中心“微光行动”走进社会福利院,http://www.lottery.gx.cn/sylm_171188/jdzx/376579.html,2024-12-21
广西体彩厚植创新沃土 培育创新之花,http://www.lottery.gx.cn/sylm_171188/jdzx/376571.html,2024-12-20
广西体彩请你吃海底捞火锅啦！,http://www.lottery.gx.cn/sylm_171188/jdzx/376427.html,2024-12-18
“中国体育彩票杯”2024年贺州市羽毛球比赛圆满结束,http://www.lottery.gx.cn/sylm_171188/jdzx/376358.html,2024-12-17
广西体彩召开2024年合规销售工作专题部署会,http://www.lottery.gx.cn/sylm_171188/jdzx/376327.html,2024-12-16
“公益体彩 微光暖冬行动”走进南宁市镇圩瑶族乡,http://www.lottery.gx.cn/sylm_171188/jdzx/376280.html,2024-12-14
奥运冠军盛李豪、黄雨婷、谢瑜谈体彩,http://www.lottery.gx.cn/sylm_171188/jdzx/376281.html,2024-12-14
奥运冠军盛李豪、黄雨婷、谢瑜走进“广西体彩大讲堂”分享夺金背后的故事,http://www.lottery.gx.cn/sylm_171188/jdzx/376174.html,2024-12-12
奥运会上一“举”成名，这个湖北姑娘挺能拼,http://www.lottery.gx.cn/sylm_171188/jdzx/376034.html,2024-12-10
在逆境中绽放，体彩点亮我的人生希望——一名特殊体彩人的自述,http://www.lottery.gx.cn/sylm_171188/jdzx/376035.html,2024-12-10
用体育的方式解锁“山城” “赛事三进”公益行走进重庆,http://www.lottery.gx.cn/sylm_171188/jdzx/376033.html,2024-12-10
“体彩杯”2024年北部湾国际帆船公开赛暨广西帆船城市联赛（Hobie16级别）防城港站盛大开幕,http://www.lottery.gx.cn/sylm_171188/jdzx/376039.html,2024-12-09
中国体育彩票战马杯2024年广西三人篮球超级联赛圆满落幕,http://www.lottery.gx.cn/sylm_171188/jdzx/376016.html,2024-12-09
南宁体彩展示体验中心中出大乐透684万元头奖 中奖彩票为88元套餐票,http://www.lottery.gx.cn/sylm_171188/jdzx/376020.html,2024-12-09
把幸运打包带回家 广西体彩大乐透套餐票主题活动走进百色,http://www.lottery.gx.cn/sylm_171188/jdzx/375941.html,2024-12-08
合法购彩提示,http://www.lottery.gx.cn/sylm_171188/jdzx/375938.html,2024-12-08
南宁购彩者中出大乐透24142期一等奖684万元,http://www.lottery.gx.cn/sylm_171188/jdzx/375944.html,2024-12-08
超燃！“健智体育杯”第八届广西万村篮球赛总决赛暨广西社区运动会打响,http://www.lottery.gx.cn/sylm_171188/jdzx/375936.html,2024-12-07
热血预告：中国体育彩票2024广西三人篮球超级联赛总决赛战火即将点燃！,http://www.lottery.gx.cn/sylm_171188/jdzx/375915.html,2024-12-06
味享好咖啡，广西体彩“玩花活”创新开展公益宣传,http://www.lottery.gx.cn/sylm_171188/jdzx/375753.html,2024-12-05
迈开步 动出彩！中国体育彩票亮相2024企业家博鳌论坛,http://www.lottery.gx.cn/sylm_171188/jdzx/375701.html,2024-12-05
奖牌出圈，2024“南马”涌动的奔跑长流中 体彩光芒在台前幕后闪烁,http://www.lottery.gx.cn/sylm_171188/jdzx/375750.html,2024-12-05
“益”起来，动出彩！广西体彩助力梧州学院第三十五届运动会,http://www.lottery.gx.cn/sylm_171188/jdzx/375678.html,2024-12-04
筑牢安全线防患于未“燃”！广西体彩梧州分中心开展消防应急演练,http://www.lottery.gx.cn/sylm_171188/jdzx/375681.html,2024-12-04
30年体彩生涯，我见证了中国体育彩票的变迁,http://www.lottery.gx.cn/sylm_171188/jdzx/375688.html,2024-12-04
“棋聚”苏州湾 “好运‘弈棋’来”——2024体彩民间棋王争霸赛总决赛圆满收官,http://www.lottery.gx.cn/sylm_171188/jdzx/375505.html,2024-11-30
体彩民间棋王争霸赛全国总决赛开幕 广西棋王林辉宇参与角逐,http://www.lottery.gx.cn/sylm_171188/jdzx/375367.html,2024-11-27
广西体彩县域专管员第四期培训班在东兴市举办,http://www.lottery.gx.cn/sylm_171188/jdzx/374995.html,2024-11-25
一“撑”到底  燃烧你的卡路里——“赛事三进”公益行走进河北石家庄,http://www.lottery.gx.cn/sylm_171188/jdzx/374910.html,2024-11-24
听86岁的他，讲述体育彩票的老故事,http://www.lottery.gx.cn/sylm_171188/jdzx/374781.html,2024-11-21
“中国体育彩票杯”2024年广西青少年摔跤冠军赛圆满结束,http://www.lottery.gx.cn/sylm_171188/jdzx/374784.html,2024-11-21
健身气功·八段锦等项目热闹上演 崇左市刮起2024年岁末全民健身热潮,http://www.lottery.gx.cn/sylm_171188/jdzx/374785.html,2024-11-21
见证荣耀时刻！“中国体育彩票杯”2024年广西青少年举重冠军赛圆满落幕,http://www.lottery.gx.cn/sylm_171188/jdzx/374706.html,2024-11-20
广西体彩“公益体彩 快乐操场”助力学子体育梦,http://www.lottery.gx.cn/sylm_171188/jdzx/374704.html,2024-11-20
广西体彩持续擦亮公益品牌 铺展高校毕业生“就业路”,http://www.lottery.gx.cn/sylm_171188/jdzx/374573.html,2024-11-19
甘肃成县东河体育公园：体彩打造的百姓健身乐园,http://www.lottery.gx.cn/sylm_171188/jdzx/374545.html,2024-11-19
把幸运打包带回家 广西体彩大乐透套餐票主题活动走进梧州,http://www.lottery.gx.cn/sylm_171188/jdzx/374532.html,2024-11-18
南宁购彩者买体彩大乐透套餐票收获奖金1000万元,http://www.lottery.gx.cn/sylm_171188/jdzx/374516.html,2024-11-18
设6大项覆盖六城区！“中国体育彩票杯”第九届南宁市社区全民健身运动会启幕,http://www.lottery.gx.cn/sylm_171188/jdzx/374478.html,2024-11-17
决战来临，燃爆冬日！2024年广西三人篮球超级联赛总决赛，只差你的欢呼助威！,http://www.lottery.gx.cn/sylm_171188/jdzx/374471.html,2024-11-16
首届“中国体育彩票”广西体育产业创新创业大赛在南宁开幕,http://www.lottery.gx.cn/sylm_171188/jdzx/374469.html,2024-11-16
超级大乐透套餐票上市主题推广活动在南宁火热开启,http://www.lottery.gx.cn/sylm_171188/jdzx/373338.html,2024-11-12
“广西棋王”诞生！2024年中国体育彩票全国象棋民间棋王争霸赛广西总决赛圆满落幕,http://www.lottery.gx.cn/sylm_171188/jdzx/373341.html,2024-11-12
辽宁公安代表“走进体彩” 近距离感受体彩公信力,http://www.lottery.gx.cn/sylm_171188/jdzx/357830.html,2024-11-10
2024年中国体育彩票全国民间棋王争霸赛广西赛区决赛在南宁开赛,http://www.lottery.gx.cn/sylm_171188/jdzx/373340.html,2024-11-09
关于开展大乐透套餐票营销活动的公告,http://www.lottery.gx.cn/sylm_171188/jdzx/352257.html,2024-11-08
大乐透套餐票上市首日，广西南宁购彩者迎来1000万元大奖！,http://www.lottery.gx.cn/sylm_171188/jdzx/345126.html,2024-11-07
世界冠军助阵 “公益体彩 快乐操场”广西公益活动收官站走进宾阳,http://www.lottery.gx.cn/sylm_171188/jdzx/345125.html,2024-11-07
新跨越 广西体彩年销量首破50亿元大关！,http://www.lottery.gx.cn/sylm_171188/jdzx/345057.html,2024-11-06
一条视频解密什么是大乐透套餐票,http://www.lottery.gx.cn/sylm_171188/jdzx/345014.html,2024-11-05
购彩新选择 体彩大乐透套餐票把幸运打包带回家,http://www.lottery.gx.cn/sylm_171188/jdzx/345020.html,2024-11-05
红色热土展真情，公益体彩献力量——“汇聚微公益 添彩新征程”中央媒体采访团走进江西,http://www.lottery.gx.cn/sylm_171188/jdzx/345021.html,2024-11-05
跟着赛事去旅行 唤醒秋日多巴胺——“赛事三进”公益行走进天津宁河,http://www.lottery.gx.cn/sylm_171188/jdzx/344999.html,2024-11-04
“公益体彩 快乐操场”广西公益活动走进崇左特殊教育学校,http://www.lottery.gx.cn/sylm_171188/jdzx/344975.html,2024-11-03
“楚河汉界”战鼓擂！崇左、百色两地象棋“棋王”诞生,http://www.lottery.gx.cn/sylm_171188/jdzx/344976.html,2024-11-03
崇左市体彩代销者李红司践行责任彩票建设二三事,http://www.lottery.gx.cn/sylm_171188/jdzx/344977.html,2024-11-03
“公益体彩 快乐操场” 公益捐赠走进三江知了小学,http://www.lottery.gx.cn/sylm_171188/jdzx/344979.html,2024-11-03
守护明天计划｜广西体彩助力安全教育宣传活动进校园,http://www.lottery.gx.cn/sylm_171188/jdzx/344972.html,2024-11-03
“益”起来，“篮”不住！公益体彩助力第八届广西万村篮球赛市级赛开赛,http://www.lottery.gx.cn/sylm_171188/jdzx/344959.html,2024-11-01
扎根希望的田野 让乡亲们的腰包鼓起来,http://www.lottery.gx.cn/sylm_171188/jdzx/344922.html,2024-11-01
体彩全民运动挑战赛火热收官 世界冠军引领 运动达人接力 共掀全民健身热潮,http://www.lottery.gx.cn/sylm_171188/jdzx/344932.html,2024-11-01
广西体彩举办学习贯彻党的二十届三中全会精神暨业务素质提升培训班,http://www.lottery.gx.cn/sylm_171188/jdzx/344931.html,2024-11-01
推进文体农商旅深度融合 “赛事三进”公益行即将走进天津宁河,http://www.lottery.gx.cn/sylm_171188/jdzx/344933.html,2024-11-01
“公益体彩 快乐操场”广西公益活动走进南宁市那蒙小学,http://www.lottery.gx.cn/sylm_171188/jdzx/344887.html,2024-10-31
“公益体彩 快乐操场”广西公益活动走进金秀瑶族自治县腊河小学,http://www.lottery.gx.cn/sylm_171188/jdzx/344857.html,2024-10-30
体彩30周年时光记“益”主题活动在南宁火热开启！,http://www.lottery.gx.cn/sylm_171188/jdzx/344762.html,2024-10-28
中国体育彩票：砥砺奋进三十载 践行公益责任担当,http://www.lottery.gx.cn/sylm_171188/jdzx/344612.html,2024-10-22
公益体彩快乐奔跑｜贵港体彩助力千人登高活动在桂平西山圆满举行,http://www.lottery.gx.cn/sylm_171188/jdzx/344627.html,2024-10-22
广西体彩“迈开步 动出彩”主题活动走进南宁商圈助力全民健身,http://www.lottery.gx.cn/sylm_171188/jdzx/344502.html,2024-10-21
中国体育彩票：砥砺奋进三十载 践行公益责任担当,http://www.lottery.gx.cn/sylm_171188/jdzx/344498.html,2024-10-21
“公益体彩 快乐操场”！合浦这间小学获捐赠价值3万元体育器材及用品,http://www.lottery.gx.cn/sylm_171188/jdzx/344495.html,2024-10-21
冲刺“四季度” 打好“收官战”——广西体彩召开2024年工作推进会,http://www.lottery.gx.cn/sylm_171188/jdzx/344501.html,2024-10-21
让公益金项目“发声”2024体彩公益金资助项目宣传典型案例公布,http://www.lottery.gx.cn/sylm_171188/jdzx/344415.html,2024-10-17
广西体彩“绿色生活顶呱刮”主题活动走进绿城南宁  倡导绿色低碳生活,http://www.lottery.gx.cn/sylm_171188/jdzx/344337.html,2024-10-14
梧州市重阳节老年人体育健身大联动活动打上公益体彩烙印,http://www.lottery.gx.cn/sylm_171188/jdzx/344315.html,2024-10-12
乐享银龄 关爱老人 不止在重阳,http://www.lottery.gx.cn/sylm_171188/jdzx/344274.html,2024-10-11
广西体彩助阵桂港备战全运会U20男子足球友谊赛,http://www.lottery.gx.cn/sylm_171188/jdzx/344281.html,2024-10-11
登台比拼各展风采 2024年广西“体彩+”项目决赛圆满落幕,http://www.lottery.gx.cn/sylm_171188/jdzx/344283.html,2024-10-11
敬老爱老，贺州体彩这场活动太暖了,http://www.lottery.gx.cn/sylm_171188/jdzx/344282.html,2024-10-11
《只此青绿》：舞动中华美学 公益助力文化传承,http://www.lottery.gx.cn/sylm_171188/jdzx/344014.html,2024-10-07
公益健行，步履不停——“迈开步 动出彩”公益行活动圆满收官,http://www.lottery.gx.cn/sylm_171188/jdzx/344010.html,2024-10-03
筑牢安全防线 喜迎国庆佳节 广西体彩部署落实2024年国庆节期间安全生产与廉政建设工作,http://www.lottery.gx.cn/sylm_171188/jdzx/343990.html,2024-10-01
百色体彩公益慰问活动走进山区小学送关怀,http://www.lottery.gx.cn/sylm_171188/jdzx/343992.html,2024-10-01
历时17天！博白县2024年迎国庆“中国体育彩票杯”职工气排球赛激战正酣,http://www.lottery.gx.cn/sylm_171188/jdzx/343993.html,2024-10-01
体育惠民 文化润疆——“国球两进”为库尔勒百姓幸福生活“添彩”,http://www.lottery.gx.cn/sylm_171188/jdzx/343994.html,2024-10-01
体彩“迈开步 动出彩”携手奥运冠军 跃动全民，共筑健康,http://www.lottery.gx.cn/sylm_171188/jdzx/343794.html,2024-09-28
“公益体彩 快乐操场”广西公益活动走进北流市达和小学,http://www.lottery.gx.cn/sylm_171188/jdzx/343799.html,2024-09-28
辽宁公安代表走进体彩 见证体彩公开透明,http://www.lottery.gx.cn/sylm_171188/jdzx/343792.html,2024-09-28
公益体彩 快乐奔跑——中国体育彩票助力徒步广西系列活动崇左站顺利举行,http://www.lottery.gx.cn/sylm_171188/jdzx/343793.html,2024-09-28
“公益体彩 快乐操场”2024年广西公益活动走进藤县料南小学,http://www.lottery.gx.cn/sylm_171188/jdzx/343786.html,2024-09-27
遗憾！南宁1000万元大乐透大奖成弃奖 奖金纳入公益金,http://www.lottery.gx.cn/sylm_171188/jdzx/343627.html,2024-09-24
与体彩相约“迈开步 动出彩” 全民健身主题活动打造大学校园“快乐运动场”,http://www.lottery.gx.cn/sylm_171188/jdzx/343571.html,2024-09-21
媒体见证团“走进体彩” 见证公开透明,http://www.lottery.gx.cn/sylm_171188/jdzx/343567.html,2024-09-20
广西体彩中心开展第三季度市场专项巡检工作,http://www.lottery.gx.cn/sylm_171188/jdzx/343566.html,2024-09-20
广西体彩贵港分中心开展2024年关爱留守儿童微光公益活动,http://www.lottery.gx.cn/sylm_171188/jdzx/343552.html,2024-09-20
王莉：从平凡少女到亚运会三金得主的蜕变,http://www.lottery.gx.cn/sylm_171188/jdzx/343452.html,2024-09-14
广西体彩河池分中心开展微光行动慰问宜州区特殊教育学校,http://www.lottery.gx.cn/sylm_171188/jdzx/343451.html,2024-09-14
体彩之光照亮乡村振兴路,http://www.lottery.gx.cn/sylm_171188/jdzx/343380.html,2024-09-13
北海体彩开展2024年“微光行动”老温村慰问困难群众暨夏日送清凉公益活动,http://www.lottery.gx.cn/sylm_171188/jdzx/343381.html,2024-09-13
从乡间小道到国际赛场，汪生艳用攀岩讲述“灰姑娘”的逆袭,http://www.lottery.gx.cn/sylm_171188/jdzx/343382.html,2024-09-13
“中国体育彩票杯”2024年梧州市卫生健康系统气排球比赛完美收官,http://www.lottery.gx.cn/sylm_171188/jdzx/343261.html,2024-09-11
“中国体育彩票·战马杯”2024年广西三人篮球超级联赛（南宁站）圆满收官,http://www.lottery.gx.cn/sylm_171188/jdzx/343164.html,2024-09-10
防城港体彩“微光行动——益起赋能美好生活”走进工业园开展慰问活动,http://www.lottery.gx.cn/sylm_171188/jdzx/343165.html,2024-09-10
见证体彩开奖全流程 “相约体彩”广西观摩团走进开奖现场,http://www.lottery.gx.cn/sylm_171188/jdzx/343163.html,2024-09-10
距离兑奖截止仅剩15天！ 急寻广西南宁大乐透1000万大奖得主,http://www.lottery.gx.cn/sylm_171188/jdzx/341493.html,2024-09-09
体彩“迈开步 动出彩”全民健身季主题活动乐动昆明,http://www.lottery.gx.cn/sylm_171188/jdzx/341463.html,2024-09-08
厚植民生福祉｜2023年中央集中彩票公益金使用情况发布,http://www.lottery.gx.cn/sylm_171188/jdzx/341294.html,2024-09-01
吉林冰雪见证团走进体彩 近距离见证公平透明,http://www.lottery.gx.cn/sylm_171188/jdzx/341254.html,2024-08-30
一个月过去了！南宁有幸运儿中了大乐透1000万还未兑奖！,http://www.lottery.gx.cn/sylm_171188/jdzx/341239.html,2024-08-29
逐梦三十载 技能展风采 广西体彩2024年实体店销售人员技能大赛圆满举办,http://www.lottery.gx.cn/sylm_171188/jdzx/340969.html,2024-08-23
责任凝心 聚力前行！广西体育彩票2023年社会责任报告发布,http://www.lottery.gx.cn/sylm_171188/jdzx/340858.html,2024-08-22
公益行动再出发！2024年致敬城市守护者公益行暨体彩夏日送清凉活动启动,http://www.lottery.gx.cn/sylm_171188/jdzx/340810.html,2024-08-21
打造快乐运动场  为幸福生活添彩——“国球两进”公益行活动走进水立方,http://www.lottery.gx.cn/sylm_171188/jdzx/339770.html,2024-08-17
2024年北海市“中国体育彩票杯”篮球赛火热进行中,http://www.lottery.gx.cn/sylm_171188/jdzx/339776.html,2024-08-16
防城港市体彩销售人员开启同场大比武 选拔人员参与全区总决赛争夺,http://www.lottery.gx.cn/sylm_171188/jdzx/339775.html,2024-08-15
“中国体育彩票杯”2024年广西少年儿童武术套路锦标赛圆满举办,http://www.lottery.gx.cn/sylm_171188/jdzx/339774.html,2024-08-14
体彩助力百色市“全民健身日”主题活动热闹举行,http://www.lottery.gx.cn/sylm_171188/jdzx/339667.html,2024-08-13
中国健儿载誉而归 体育精神绽放光彩,http://www.lottery.gx.cn/sylm_171188/jdzx/339634.html,2024-08-13
奥运健儿奋力拼搏 中国体育彩票保驾护航,http://www.lottery.gx.cn/sylm_171188/jdzx/339668.html,2024-08-13
玉林体彩携手爱心企业开展“微光行动 益起出彩”夏日送清凉暨防暑急救科普公益活动,http://www.lottery.gx.cn/sylm_171188/jdzx/339613.html,2024-08-12
贵港市体彩实体店销售人员齐聚一堂开展技能大比拼,http://www.lottery.gx.cn/sylm_171188/jdzx/339611.html,2024-08-12
首届“中国体育彩票杯”2024年梧州市水上篮球公开赛成功举办 全民健身热潮持续升温,http://www.lottery.gx.cn/sylm_171188/jdzx/339612.html,2024-08-12
全民健身 体彩同行2024年广西“全民健身日”主题活动开幕,http://www.lottery.gx.cn/sylm_171188/jdzx/339559.html,2024-08-09
2024年“责任体彩八桂行”融媒普法活动圆满收官,http://www.lottery.gx.cn/sylm_171188/jdzx/339544.html,2024-08-08
“中国体育彩票杯”2024年梧州市气排球邀请赛成功举办,http://www.lottery.gx.cn/sylm_171188/jdzx/339546.html,2024-08-08
梧州体彩携手街道办开展“弘扬八一精神 慰问困难老兵”微光公益活动,http://www.lottery.gx.cn/sylm_171188/jdzx/339610.html,2024-08-03
南宁体彩开展“铭记峥嵘岁月，责任激励担当”党建活动及知识竞赛,http://www.lottery.gx.cn/sylm_171188/jdzx/339466.html,2024-08-02
“全民健身与奥运同行”——2024年“中国体育彩票杯”北海五人制足球比赛完美收官,http://www.lottery.gx.cn/sylm_171188/jdzx/339467.html,2024-08-02
广西体彩梧州分中心举办实体店销售人员技能大赛暨代销者交流活动,http://www.lottery.gx.cn/sylm_171188/jdzx/339423.html,2024-07-31
自治区财政厅到防城港专题调研“双彩店”建设试点工作,http://www.lottery.gx.cn/sylm_171188/jdzx/339434.html,2024-07-31
广西体彩助力“八桂见义勇为关爱”项目贵港站活动,http://www.lottery.gx.cn/sylm_171188/jdzx/339275.html,2024-07-29
广西体彩南宁分中心举办从业者技能大赛 以赛促学促练促干提升服务质量,http://www.lottery.gx.cn/sylm_171188/jdzx/339279.html,2024-07-29
广西体彩助力“八桂见义勇为关爱”项目贵港站活动,http://www.lottery.gx.cn/sylm_171188/jdzx/339255.html,2024-07-27
“中国体育彩票杯”2024年广西青少年拳击锦标赛总决赛圆满收官,http://www.lottery.gx.cn/sylm_171188/jdzx/339257.html,2024-07-27
寻找民间棋王！广西体彩实体店邀您参加全国象棋民间棋王争霸赛海选赛,http://www.lottery.gx.cn/sylm_171188/jdzx/339256.html,2024-07-27
广西体彩南宁分中心举办从业者技能大赛 以赛促学促练促干提升服务质量,http://www.lottery.gx.cn/sylm_171188/jdzx/339252.html,2024-07-27
眺望巴黎 公益体彩与中国奥运健儿同行,http://www.lottery.gx.cn/sylm_171188/jdzx/339251.html,2024-07-27
体彩传递温暖，助力体育梦想——崇左体彩慰问体校运动员活动圆满举行,http://www.lottery.gx.cn/sylm_171188/jdzx/339146.html,2024-07-26
“中国体育彩票杯”2024年广西青少年高尔夫球锦标赛圆满收官！,http://www.lottery.gx.cn/sylm_171188/jdzx/339149.html,2024-07-26
致敬城市守护者！贵港分中心连续3年开展夏日送清凉主题公益活动,http://www.lottery.gx.cn/sylm_171188/jdzx/339108.html,2024-07-25
钦州体彩：系列欧洲杯品牌落地推广活动精彩纷呈,http://www.lottery.gx.cn/sylm_171188/jdzx/339022.html,2024-07-24
共赴荣耀奥运征程 为中国力量加油,http://www.lottery.gx.cn/sylm_171188/jdzx/339018.html,2024-07-24
酷暑难耐热到“融化”？这丝清凉为你而来,http://www.lottery.gx.cn/sylm_171188/jdzx/338873.html,2024-07-22
“中国体育彩票杯”2024年广西青少年武术散打锦标赛燃情开赛,http://www.lottery.gx.cn/sylm_171188/jdzx/338796.html,2024-07-19
传承国粹！“中国体育彩票”2024第十四届广西象棋少年儿童等级赛落幕,http://www.lottery.gx.cn/sylm_171188/jdzx/338686.html,2024-07-18
“中国体育彩票·浩沙FAFA杯”2024年广西少年儿童跳水锦标赛圆满落幕,http://www.lottery.gx.cn/sylm_171188/jdzx/338689.html,2024-07-18
贵港体彩：走进根竹镇“幸福家园”慰问献爱心,http://www.lottery.gx.cn/sylm_171188/jdzx/338702.html,2024-07-18
“中国体育彩票杯”北海市五人制足球赛热力开赛,http://www.lottery.gx.cn/sylm_171188/jdzx/338295.html,2024-07-12
以体彩之名助力赛事举办 梧州体育事业发展尽显体育彩票发行宗旨,http://www.lottery.gx.cn/sylm_171188/jdzx/338178.html,2024-07-10
责任凝聚 携手前行——解读31份省级《2023年社会责任报告》,http://www.lottery.gx.cn/sylm_171188/jdzx/338133.html,2024-07-10
人民财评：深入践行责任体彩的根本理念,http://www.lottery.gx.cn/sylm_171188/jdzx/338118.html,2024-07-09
以体彩之名助力赛事举办 梧州体育事业发展尽显体育彩票发行宗旨,http://www.lottery.gx.cn/sylm_171188/jdzx/338120.html,2024-07-09
责任凝聚 携手前行——解读《中国体育彩票2023年社会责任报告》,http://www.lottery.gx.cn/sylm_171188/jdzx/337999.html,2024-07-08
体彩助力太极拳推广 绘就全民健身活力画卷,http://www.lottery.gx.cn/sylm_171188/jdzx/337959.html,2024-07-06
广西体彩各设区市开展欧洲杯合规销售专项培训,http://www.lottery.gx.cn/sylm_171188/jdzx/337933.html,2024-07-05
贵港体彩多举措推进责任彩票建设 助力行业高质量发展,http://www.lottery.gx.cn/sylm_171188/jdzx/337928.html,2024-07-05
2023年中国体育彩票（1+31）社会责任报告发布会在京召开,http://www.lottery.gx.cn/sylm_171188/jdzx/337800.html,2024-07-04
25.9亿体彩公益金为体育强国添彩,http://www.lottery.gx.cn/sylm_171188/jdzx/337675.html,2024-07-02
媒体见证团“走进体彩” 见证公开透明,http://www.lottery.gx.cn/sylm_171188/jdzx/337799.html,2024-07-02
“责任凝聚 携手前行”2023年中国体育彩票（1+31）社会责任报告即将发布,http://www.lottery.gx.cn/sylm_171188/jdzx/337676.html,2024-07-02
广西壮族自治区体育局关于2023年本级体育彩票公益金筹集使用情况的公告,http://www.lottery.gx.cn/sylm_171188/jdzx/337645.html,2024-07-02
广西体彩梧州分中心开展“体彩微光行动”暨关爱贫困儿童慰问帮扶活动,http://www.lottery.gx.cn/sylm_171188/jdzx/337612.html,2024-07-01
钦州体彩助力见义勇为善款集中发放暨公开募捐活动,http://www.lottery.gx.cn/sylm_171188/jdzx/337611.html,2024-07-01
百色体彩开展夏日送清凉慰问活动,http://www.lottery.gx.cn/sylm_171188/jdzx/337605.html,2024-07-01
为梦想添“彩”——南宁体彩走进毕业生双选会,http://www.lottery.gx.cn/sylm_171188/jdzx/337603.html,2024-07-01
公益微光传递温暖大爱 广西体彩崇左分中心开展“微光行动”入户慰问,http://www.lottery.gx.cn/sylm_171188/jdzx/337609.html,2024-07-01
30年见证公益 体彩微光在行动——桂林体彩慰问农村基层党员和特困群众,http://www.lottery.gx.cn/sylm_171188/jdzx/337607.html,2024-07-01
百色体彩开展夏日送清凉慰问活动,http://www.lottery.gx.cn/sylm_171188/jdzx/337506.html,2024-06-29
体彩走进广西大学 高校培训沙龙创新渠道邀约,http://www.lottery.gx.cn/sylm_171188/jdzx/337523.html,2024-06-29
广西体彩党支部到藤县南安村开展“七一”慰问活动,http://www.lottery.gx.cn/sylm_171188/jdzx/337533.html,2024-06-29
为梦想添“彩”——南宁体彩走进毕业生双选会,http://www.lottery.gx.cn/sylm_171188/jdzx/337514.html,2024-06-29
30年见证公益 体彩微光在行动——桂林体彩慰问农村基层党员和特困群众,http://www.lottery.gx.cn/sylm_171188/jdzx/337510.html,2024-06-29
南宁体彩助力社区主题党日活动举行,http://www.lottery.gx.cn/sylm_171188/jdzx/337518.html,2024-06-29
洪灾无情 体彩有情 广西体彩积极助力桂林受灾实体店复工复产,http://www.lottery.gx.cn/sylm_171188/jdzx/337528.html,2024-06-29
广西体彩第四期职工讲堂——强化财务规范助力高质量发展,http://www.lottery.gx.cn/sylm_171188/jdzx/337103.html,2024-06-23
弘扬奥林匹克精神体彩 让更多人享有参与体育运动的机会,http://www.lottery.gx.cn/sylm_171188/jdzx/337105.html,2024-06-23
广西体彩开展“铸牢中华民族共同体意识”专题党课,http://www.lottery.gx.cn/sylm_171188/jdzx/337059.html,2024-06-21
《中国体育彩票30年专刊》面世,http://www.lottery.gx.cn/sylm_171188/jdzx/336861.html,2024-06-18
广西体彩河池分中心走进宜州体校开展公益微光活动,http://www.lottery.gx.cn/sylm_171188/jdzx/336664.html,2024-06-16
欧洲杯揭开战幕 广西体彩联合公安、媒体共同启动“责任体彩八桂行”普法活动,http://www.lottery.gx.cn/sylm_171188/jdzx/336663.html,2024-06-16
全国全民健身大赛如火如荼 体彩助力篮球运动蓬勃发展,http://www.lottery.gx.cn/sylm_171188/jdzx/336640.html,2024-06-15
弘扬见义勇为精神 梧州体彩开展见义勇为主题宣传活动,http://www.lottery.gx.cn/sylm_171188/jdzx/336620.html,2024-06-14
打造流动主题展 体彩30周年南宁地铁主题列车发车,http://www.lottery.gx.cn/sylm_171188/jdzx/336612.html,2024-06-14
坚守责任红线 提高服务意识——梧州体彩开展代销者能力提升培训会,http://www.lottery.gx.cn/sylm_171188/jdzx/336487.html,2024-06-13
强化责任彩票意识，倡导理性购彩——广西体彩开展欧洲杯合规销售培训,http://www.lottery.gx.cn/sylm_171188/jdzx/336475.html,2024-06-13
龙舟竞渡全民热闹过端午 体彩助力龙舟竞速闹邕江,http://www.lottery.gx.cn/sylm_171188/jdzx/336367.html,2024-06-13
责任彩票四级认证解读系列（二）：倡导理性购彩 打造透明体彩,http://www.lottery.gx.cn/sylm_171188/jdzx/336216.html,2024-06-12
乐享竞猜 理性购彩 ——中国体育彩票与您相约欧洲杯,http://www.lottery.gx.cn/sylm_171188/jdzx/336485.html,2024-06-11
央视《晚间新闻》：中国体育彩票助力2024中国聊城·江北水城龙舟公开赛,http://www.lottery.gx.cn/sylm_171188/jdzx/336140.html,2024-06-11
广西体彩玉林分中心联合新丰镇妇联和代销者开展端午节慰问公益活动,http://www.lottery.gx.cn/sylm_171188/jdzx/336058.html,2024-06-09
微光行动 护航高考——广西体彩助力莘莘学子畅行无忧,http://www.lottery.gx.cn/sylm_171188/jdzx/336066.html,2024-06-09
广西体彩梧州分中心助力高考,http://www.lottery.gx.cn/sylm_171188/jdzx/336063.html,2024-06-09
“益”起赋能美好生活 广西体彩梧州分中心走进社区开展公益宣传活动,http://www.lottery.gx.cn/sylm_171188/jdzx/335869.html,2024-06-06
责任为先 合规运营 南宁体彩举办欧洲杯赛前合规销售培训会,http://www.lottery.gx.cn/sylm_171188/jdzx/335901.html,2024-06-06
媒体走基层系列报道（三）丨广西广播电视台新闻910：广西体彩坚持公益底色 今年1-4月销量增幅排全国第5,http://www.lottery.gx.cn/sylm_171188/jdzx/335902.html,2024-06-06
媒体走基层系列报道（二）丨广西日报：广西体彩销量增幅排全国第五位,http://www.lottery.gx.cn/sylm_171188/jdzx/335556.html,2024-06-05
财政部下达中央专项彩票公益金大力支持广西革命老区社会公益事业发展,http://www.lottery.gx.cn/sylm_171188/jdzx/335489.html,2024-06-04
媒体走基层系列报道（一）丨国际在线：胸怀公益践行责任 2022—2023年广西体彩筹集公益金达19.63亿元,http://www.lottery.gx.cn/sylm_171188/jdzx/335442.html,2024-06-04
“广西体育·媒体走基层”——探访广西体育彩票管理中心,http://www.lottery.gx.cn/sylm_171188/jdzx/335395.html,2024-06-03
责任彩票四级认证解读系列（一）： 获得世界彩票行业最高认证 中国体育彩票公益成果斐然,http://www.lottery.gx.cn/sylm_171188/jdzx/335373.html,2024-06-03
体彩追梦人周泽梅：打造区域示范实体店,http://www.lottery.gx.cn/sylm_171188/jdzx/335374.html,2024-06-03
体彩用爱与责任守护孩子们的七彩童年,http://www.lottery.gx.cn/sylm_171188/jdzx/335337.html,2024-06-01
微光活动伴你行！北海体彩举行退役运动员端午节暖心慰问活动,http://www.lottery.gx.cn/sylm_171188/jdzx/335342.html,2024-06-01
广西体彩钦州分中心开展情暖“六一”体彩微光活动,http://www.lottery.gx.cn/sylm_171188/jdzx/335306.html,2024-05-31
国家反诈中心：防范电信网络诈骗宣传手册,http://www.lottery.gx.cn/sylm_171188/jdzx/335280.html,2024-05-31
百色体彩积极宣讲见义勇为人员及家庭体彩创业扶持政策,http://www.lottery.gx.cn/sylm_171188/jdzx/335303.html,2024-05-31
微光行动  护航高考——2024年广西“黄丝带”爱心助考活动正式启动,http://www.lottery.gx.cn/sylm_171188/jdzx/335283.html,2024-05-31
百色体彩：推进责任彩票宣传常态化工作,http://www.lottery.gx.cn/sylm_171188/jdzx/335076.html,2024-05-30
携手同心勇攀高峰——中国体育彩票获得世界彩票协会责任彩票四级认证,http://www.lottery.gx.cn/sylm_171188/jdzx/334758.html,2024-05-27
体彩30周年主题活动丨来宾体彩“微光行动-益起赋能美好生活”温暖举行,http://www.lottery.gx.cn/sylm_171188/jdzx/334660.html,2024-05-24
持续助力出生缺陷干预救助项目 彩票公益金为患儿家庭送去希望,http://www.lottery.gx.cn/sylm_171188/jdzx/334587.html,2024-05-24
体彩追梦人汪为东：退伍不褪色的“公益标兵”,http://www.lottery.gx.cn/sylm_171188/jdzx/334485.html,2024-05-23
体彩追梦人汪银发：热心公益的“道德楷模”,http://www.lottery.gx.cn/sylm_171188/jdzx/334484.html,2024-05-23
体彩追梦人秦熔：体彩融合发展的“急先锋”,http://www.lottery.gx.cn/sylm_171188/jdzx/334483.html,2024-05-23
第一届全国全民健身大赛开幕 中国体育彩票为群众体育注入蓬勃动力,http://www.lottery.gx.cn/sylm_171188/jdzx/334392.html,2024-05-22
强化督导检查严肃纪律作风——广西体育彩票管理中心开展纪律作风专项整治工作督导检查,http://www.lottery.gx.cn/sylm_171188/jdzx/334426.html,2024-05-22
体彩助力残疾人创造幸福生活,http://www.lottery.gx.cn/sylm_171188/jdzx/334216.html,2024-05-20
体彩追梦人许科：能吃苦、敢创新的“全能战士”,http://www.lottery.gx.cn/sylm_171188/jdzx/333201.html,2024-05-17
体彩追梦人索南公保：体彩汉藏双语服务“创始人”,http://www.lottery.gx.cn/sylm_171188/jdzx/333222.html,2024-05-17
体彩追梦人孙明华：奋战一线的渠道“开拓者”,http://www.lottery.gx.cn/sylm_171188/jdzx/333239.html,2024-05-17
体彩追梦人刘静：体彩店里出了一名“青衣旦”,http://www.lottery.gx.cn/sylm_171188/jdzx/333186.html,2024-05-17
自治区财政厅开展体育彩票专题调研,http://www.lottery.gx.cn/sylm_171188/jdzx/321476.html,2024-05-15
体彩追梦人王英：带领下岗工人开启公益之路,http://www.lottery.gx.cn/sylm_171188/jdzx/317153.html,2024-05-13
广西体彩中心县域专管员分片区培训班在梧州岑溪市启动,http://www.lottery.gx.cn/sylm_171188/jdzx/313620.html,2024-05-13
广西体彩开展“追忆峥嵘岁月·赓续红色血脉·践行体彩责任”主题党日活动,http://www.lottery.gx.cn/sylm_171188/jdzx/317151.html,2024-05-13
防城港市“体彩杯”自行车南山爬坡赛圆满落幕,http://www.lottery.gx.cn/sylm_171188/jdzx/310753.html,2024-05-13
2024年防城港市“体彩杯”全民健身系列活动篮球赛激情开赛,http://www.lottery.gx.cn/sylm_171188/jdzx/311644.html,2024-05-13
“中国体育彩票杯”梧州市第四十届青年运动会绽放青春活力,http://www.lottery.gx.cn/sylm_171188/jdzx/310775.html,2024-05-13
体彩追梦人张燕蔚：用女足精神续写体彩华章,http://www.lottery.gx.cn/sylm_171188/jdzx/280476.html,2024-05-10
体彩追梦人方观富：用爱心点亮公益之路,http://www.lottery.gx.cn/sylm_171188/jdzx/280021.html,2024-05-09
体彩追梦人高云英：求实创新的“突破者”,http://www.lottery.gx.cn/sylm_171188/jdzx/278734.html,2024-05-08
体彩追梦人肖旭：桃李天下的“体彩老师”,http://www.lottery.gx.cn/sylm_171188/jdzx/278641.html,2024-05-07
体彩追梦人李文灼：紧跟技术发展 把握发展浪潮,http://www.lottery.gx.cn/sylm_171188/jdzx/278581.html,2024-05-06
体彩追梦人冯莉：爱岗敬业的正能量标兵,http://www.lottery.gx.cn/sylm_171188/jdzx/278732.html,2024-05-03
体彩追梦人刘飒：北京体彩的“技术先锋”,http://www.lottery.gx.cn/sylm_171188/jdzx/278731.html,2024-05-02
体彩追梦人李子砚：坚守一线的“开拓者”,http://www.lottery.gx.cn/sylm_171188/jdzx/278729.html,2024-05-01
体彩追梦人曾利儒：做责任彩票的践行者,http://www.lottery.gx.cn/sylm_171188/jdzx/278400.html,2024-04-30
体彩追梦人姚建：实干争先的“开拓先锋”,http://www.lottery.gx.cn/sylm_171188/jdzx/278728.html,2024-04-30
广西体彩学习贯彻2024年全国体育彩票工作会议精神,http://www.lottery.gx.cn/sylm_171188/jdzx/278401.html,2024-04-30
2万余国内外跑者齐聚梧州开跑，体彩公益金成赛事坚强后盾,http://www.lottery.gx.cn/sylm_171188/jdzx/278324.html,2024-04-29
从“屋顶”到“绿茵场”  体彩成就足球梦想,http://www.lottery.gx.cn/sylm_171188/jdzx/278299.html,2024-04-29
体彩顶呱刮：公益之路上的同行者,http://www.lottery.gx.cn/sylm_171188/jdzx/278024.html,2024-04-26
奋进新征程 携手共前行——2023体彩追梦人活动举行,http://www.lottery.gx.cn/sylm_171188/jdzx/277890.html,2024-04-25
爱传千里 体彩用心“书”写希望,http://www.lottery.gx.cn/sylm_171188/jdzx/277743.html,2024-04-23
央视《晚间新闻》：中国体育彩票助力2024郑开国际马拉松,http://www.lottery.gx.cn/sylm_171188/jdzx/277674.html,2024-04-22
林永健、武大靖探班中国体育彩票开奖现场 为公众答疑解惑,http://www.lottery.gx.cn/sylm_171188/jdzx/277556.html,2024-04-21
“益起刮 顶呱刮”拉满生活仪式感 让世界更加友爱,http://www.lottery.gx.cn/sylm_171188/jdzx/277531.html,2024-04-20
广西体彩学习贯彻习近平总书记视察广西重要讲话精神暨党性教育培训班结业,http://www.lottery.gx.cn/sylm_171188/jdzx/277462.html,2024-04-19
跟着林永健、武大靖一起探班体彩开奖现场,http://www.lottery.gx.cn/sylm_171188/jdzx/277297.html,2024-04-18
广西体彩开展“向海图强谋发展、公益体彩添动力”主题党日活动,http://www.lottery.gx.cn/sylm_171188/jdzx/277408.html,2024-04-18
服务法治中国 守护公平正义 彩票公益金为法律援助添动力,http://www.lottery.gx.cn/sylm_171188/jdzx/277253.html,2024-04-18
广西体彩学习贯彻习近平总书记视察广西重要讲话精神暨党性教育培训班在钦州开班,http://www.lottery.gx.cn/sylm_171188/jdzx/276799.html,2024-04-17
梧州体彩积极参与2024年梧州市“潮动三月三·民族体育炫”主题民族趣味体育运动会,http://www.lottery.gx.cn/sylm_171188/jdzx/276786.html,2024-04-17
广西体彩召开党员大会启动部署党纪学习教育,http://www.lottery.gx.cn/sylm_171188/jdzx/276732.html,2024-04-17
崇左体彩积极宣讲见义勇为人员及家庭体彩创业扶持政策,http://www.lottery.gx.cn/sylm_171188/jdzx/274098.html,2024-04-09
奋力谱写边疆民族地区体彩高质量发展新篇章——访广西壮族自治区体育局党组书记、局长谭向光,http://www.lottery.gx.cn/sylm_171188/jdzx/273661.html,2024-04-08
关爱低收入“两癌”患病妇女 彩票公益金把温暖送到群众心坎里,http://www.lottery.gx.cn/sylm_171188/jdzx/271554.html,2024-04-02
广西体育彩票管理中心召开纪律作风专项整治动员部署会,http://www.lottery.gx.cn/sylm_171188/jdzx/270358.html,2024-03-29
钦州体彩：把学雷锋志愿服务活动融入日常、化作经常,http://www.lottery.gx.cn/sylm_171188/jdzx/270363.html,2024-03-29
助力“村”字头篮球赛 彩票公益金让乡村有看头也有奔头,http://www.lottery.gx.cn/sylm_171188/jdzx/270085.html,2024-03-28
为勇者喝彩！广西体彩助力“八桂见义勇为关爱”项目善款首次发放暨公开募捐宣传发动仪式,http://www.lottery.gx.cn/sylm_171188/jdzx/270071.html,2024-03-28
设点宣传责任彩票、登山捡拾垃圾……玉林体彩联合多方开展公益行动,http://www.lottery.gx.cn/sylm_171188/jdzx/269303.html,2024-03-27
“美丽中国 我是行动者”！北海体彩开展微光行动暨学雷锋志愿服务活动,http://www.lottery.gx.cn/sylm_171188/jdzx/269312.html,2024-03-27
快乐登岛！广西体彩助力泡泡岛音乐与艺术节,http://www.lottery.gx.cn/sylm_171188/jdzx/268593.html,2024-03-25
不负好春光！广西体彩助力2024南宁“百里秀美邕江”女神欢乐跑,http://www.lottery.gx.cn/sylm_171188/jdzx/268589.html,2024-03-25
传统文化跃然纸上，彰显“锦绣国韵”！,http://www.lottery.gx.cn/sylm_171188/jdzx/267508.html,2024-03-22
警惕街头“一元刮刮乐” 远离非法彩票,http://www.lottery.gx.cn/sylm_171188/jdzx/266963.html,2024-03-20
彩票公益金为数万名大病患儿带来健康福音——访中国红十字基金会医疗救助部副部长仰卓子,http://www.lottery.gx.cn/sylm_171188/jdzx/266249.html,2024-03-19
体彩为维护购彩者权益做了什么？,http://www.lottery.gx.cn/sylm_171188/jdzx/265029.html,2024-03-15
汇聚微光 增进民生福祉——体彩累计筹集公益金突破8000亿元,http://www.lottery.gx.cn/sylm_171188/jdzx/263024.html,2024-03-11
撑起事业半边天 体彩巾帼绽芳华,http://www.lottery.gx.cn/sylm_171188/jdzx/261947.html,2024-03-08
2024广西体彩“她力量”——致敬三八妇女节！,http://www.lottery.gx.cn/sylm_171188/jdzx/262132.html,2024-03-08
赞！这位体彩人家庭荣获东兴市“最美家庭”称号,http://www.lottery.gx.cn/sylm_171188/jdzx/262148.html,2024-03-08
从两会“民生清单”看体彩“公益答卷”,http://www.lottery.gx.cn/sylm_171188/jdzx/261587.html,2024-03-07
广西体彩开展学雷锋文明实践主题系列活动,http://www.lottery.gx.cn/sylm_171188/jdzx/260711.html,2024-03-05
雪道上的加速器：体彩助力冰雪运动蓬勃发展,http://www.lottery.gx.cn/sylm_171188/jdzx/258345.html,2024-02-28
“十四冬广西首金”诞生背后 体彩公益金助力冰雪运动发展,http://www.lottery.gx.cn/sylm_171188/jdzx/257848.html,2024-02-27
公益体彩助力2024中国东兴—越南芒街元宵节足球友谊赛圆满举办,http://www.lottery.gx.cn/sylm_171188/jdzx/257992.html,2024-02-27
体彩助力拳击梦想 全民健身“热辣滚烫”,http://www.lottery.gx.cn/sylm_171188/jdzx/256662.html,2024-02-23
以坚守保平安用真情送欢乐——记春节在岗的体彩人,http://www.lottery.gx.cn/sylm_171188/jdzx/256024.html,2024-02-21
体育大拜年 健康迎新春！广西各地“体彩杯”赛事为春节添彩,http://www.lottery.gx.cn/sylm_171188/jdzx/255380.html,2024-02-19
火力全开  广西体彩跑出开年“加速度”,http://www.lottery.gx.cn/sylm_171188/jdzx/255360.html,2024-02-19
广西体彩恭祝全区人民新春快乐！,http://www.lottery.gx.cn/sylm_171188/jdzx/253116.html,2024-02-08
广西体彩来宾分中心迎来新春佳节安全防范督导检查,http://www.lottery.gx.cn/sylm_171188/jdzx/252823.html,2024-02-07
广西体彩防城港分中心携手港口区文联开展新春慰问活动,http://www.lottery.gx.cn/sylm_171188/jdzx/252826.html,2024-02-07
人民至上 生命至上——全国体彩系统打好安全生产“保卫战”,http://www.lottery.gx.cn/sylm_171188/jdzx/252542.html,2024-02-06
合规销售 乐享精彩——从亚洲杯竞猜看体彩守职尽责,http://www.lottery.gx.cn/sylm_171188/jdzx/252540.html,2024-02-06
风劲帆满图新志 砥砺奋进启新局——广西体彩中心开展“迎新春走基层，鼓干劲送温暖”活动,http://www.lottery.gx.cn/sylm_171188/jdzx/252538.html,2024-02-06
向着新目标，奋楫再出发——2024年全区体育彩票业务工作会侧记,http://www.lottery.gx.cn/sylm_171188/jdzx/252525.html,2024-02-06
广西体彩召开安全生产工作部署会,http://www.lottery.gx.cn/sylm_171188/jdzx/251318.html,2024-02-01
买彩票包中奖？一定是骗局！,http://www.lottery.gx.cn/sylm_171188/jdzx/251314.html,2024-02-01
体彩新春季 传递正能量 广西体彩市集火热继续！,http://www.lottery.gx.cn/sylm_171188/jdzx/250405.html,2024-01-29
广西体育彩票管理中心开展春节前走访慰问活动,http://www.lottery.gx.cn/sylm_171188/jdzx/242739.html,2024-01-27
寒冬送温暖 体彩暖人心,http://www.lottery.gx.cn/sylm_171188/jdzx/185462.html,2024-01-20
把好运“顶”起来 广西体彩市集又玩出了新花样,http://www.lottery.gx.cn/sylm_171188/jdzx/185657.html,2024-01-16
广西体彩开展“强国复兴有我，爱心‘彩’血护邕”主题党日活动,http://www.lottery.gx.cn/sylm_171188/jdzx/185655.html,2024-01-13
快乐看球 理性购彩——中国体育彩票与您相约亚洲杯,http://www.lottery.gx.cn/sylm_171188/jdzx/182203.html,2024-01-11
顶顶顶呱刮 一起顶起新年好运势,http://www.lottery.gx.cn/sylm_171188/jdzx/180738.html,2024-01-08
理性购彩乐享精彩！亚洲杯小组赛竞猜今日开售,http://www.lottery.gx.cn/sylm_171188/jdzx/180565.html,2024-01-08
责任护航高质量发展 广西体彩2023年责任彩票建设结硕果,http://www.lottery.gx.cn/sylm_171188/jdzx/178994.html,2024-01-04
“中国体育彩票”2024年全国新年登高健身大会广西主会场活动在钦州举行,http://www.lottery.gx.cn/sylm_171188/jdzx/176840.html,2024-01-03
体育强国大家谈——体彩高质量发展迈出坚实步伐,http://www.lottery.gx.cn/sylm_171188/jdzx/176862.html,2024-01-03
“中国体育彩票”2024年全国新年登高健身大会举行,http://www.lottery.gx.cn/sylm_171188/jdzx/172029.html,2024-01-02
责任为先 合规前行——中国体育彩票用行动为购彩者保驾护航,http://www.lottery.gx.cn/sylm_171188/jdzx/169492.html,2023-12-31
广西体彩召开党员大会深入学习习近平总书记视察广西时的重要讲话精神,http://www.lottery.gx.cn/sylm_171188/jdzx/169052.html,2023-12-29
广西体彩开展“强化纪律教育，永葆初心本色”主题党日活动,http://www.lottery.gx.cn/sylm_171188/jdzx/169102.html,2023-12-29
广西体彩党支部召开换届选举党员大会,http://www.lottery.gx.cn/sylm_171188/jdzx/169103.html,2023-12-29
理性购买体彩排列3彩票 享受小小娱乐,http://www.lottery.gx.cn/sylm_171188/jdzx/169108.html,2023-12-29
广西体彩召开2024年元旦、春节警示教育暨安全生产工作部署会,http://www.lottery.gx.cn/sylm_171188/jdzx/169059.html,2023-12-29
为人民美好生活添彩“越努力 越美好”系列主题沙龙见证中国体育彩票凝聚公益力量,http://www.lottery.gx.cn/sylm_171188/jdzx/164487.html,2023-12-28
防城港体彩助力2023中国—东盟马拉松燃情开跑,http://www.lottery.gx.cn/sylm_171188/jdzx/155216.html,2023-12-26
广西体彩“越努力 越美好”市集点燃冬日激情,http://www.lottery.gx.cn/sylm_171188/jdzx/153872.html,2023-12-25
心中有光 勇敢前行 中国体育彩票纪录片《追光的人》重磅首发,http://www.lottery.gx.cn/sylm_171188/jdzx/153363.html,2023-12-23
与光同行 添彩未来——中国体育彩票“越努力 越美好”主题沙龙圆满收官,http://www.lottery.gx.cn/sylm_171188/jdzx/153360.html,2023-12-23
体彩顶呱刮“射门得奖” 邀您“亲自上场”,http://www.lottery.gx.cn/sylm_171188/jdzx/148642.html,2023-12-20
出“棋”制胜！2023体彩民间棋王争霸赛圆满收官,http://www.lottery.gx.cn/sylm_171188/jdzx/148063.html,2023-12-18
以“棋”会友！体彩民间棋王争霸赛总决赛开启,http://www.lottery.gx.cn/sylm_171188/jdzx/145367.html,2023-12-16
中国体育彩票“桂林山水 甲天下”主题即开票首发上市 助力桂林世界级旅游城市建设,http://www.lottery.gx.cn/sylm_171188/jdzx/145217.html,2023-12-15
对非法彩票说NO,http://www.lottery.gx.cn/sylm_171188/jdzx/141933.html,2023-12-12
为勇者喝“彩”广西体彩助力见义勇为捐赠仪式暨“致敬英模 与爱同行”公益健步走活动在南湖举行,http://www.lottery.gx.cn/sylm_171188/jdzx/140349.html,2023-12-09
走进体彩品牌开放日，揭秘大奖诞生背后的故事,http://www.lottery.gx.cn/sylm_171188/jdzx/140495.html,2023-12-09
“越努力 越美好” 广西体彩梧州分中心体彩微光市集亮相社区公益活动,http://www.lottery.gx.cn/sylm_171188/jdzx/137726.html,2023-12-07
汇聚时代暖流 展现责任担当 体彩人用志愿服务温暖民心,http://www.lottery.gx.cn/sylm_171188/jdzx/136901.html,2023-12-05
广西棋王诞生！2023年中国体育彩票全国象棋民间棋王争霸赛广西赛区收官,http://www.lottery.gx.cn/sylm_171188/jdzx/135763.html,2023-12-03
2023年中国体育彩票全国民间棋王争霸赛广西赛区决赛在南宁开赛,http://www.lottery.gx.cn/sylm_171188/jdzx/135544.html,2023-12-02
路遇群众落水，他们毫不犹豫跳水救人——体彩人用行动弘扬见义勇为精神,http://www.lottery.gx.cn/sylm_171188/jdzx/135104.html,2023-12-01
广西体彩开展“共襄青春盛会、共话体彩发展”主题党日活动,http://www.lottery.gx.cn/sylm_171188/jdzx/132962.html,2023-11-29
“上冰雪 尽情嗨”点燃你的冰雪激情,http://www.lottery.gx.cn/sylm_171188/jdzx/132800.html,2023-11-29
“越努力 越美好”体彩助力群众体育发展 为美好生活添彩,http://www.lottery.gx.cn/sylm_171188/jdzx/129959.html,2023-11-26
助力体育强国  添彩健康中国 中国体育彩票为体育事业发展注入活力,http://www.lottery.gx.cn/sylm_171188/jdzx/129957.html,2023-11-26
梧州市5家体彩实体店获“我是公益宣传员”荣誉,http://www.lottery.gx.cn/sylm_171188/jdzx/120812.html,2023-11-21
中国体育彩票“越努力 越美好”主题沙龙活动在江西景德镇顺利举办,http://www.lottery.gx.cn/sylm_171188/jdzx/120171.html,2023-11-20
家门口助力体育健儿奋战赛场！广西体彩梧州分中心组织开展学青会主题观赛活动,http://www.lottery.gx.cn/sylm_171188/jdzx/120695.html,2023-11-20
2023年中国体育彩票全国象棋民间棋王争霸赛广西梧州市级比赛圆满收官,http://www.lottery.gx.cn/sylm_171188/jdzx/117487.html,2023-11-16
林捍松成“好运‘弈棋’来”——2023年中国体育彩票民间棋王争霸赛河池市级赛王者,http://www.lottery.gx.cn/sylm_171188/jdzx/116642.html,2023-11-15
玉林体彩开展“公益有我 体彩助力学青会”主题观赛活动,http://www.lottery.gx.cn/sylm_171188/jdzx/116643.html,2023-11-15
助力全民健身事业，看“浙”里的体彩力量,http://www.lottery.gx.cn/sylm_171188/jdzx/116072.html,2023-11-14
南宁市级赛“棋王”诞生！黎建钰摘得中国体彩象棋民间棋王争霸赛南宁市级赛桂冠,http://www.lottery.gx.cn/sylm_171188/jdzx/116204.html,2023-11-14
体彩助力迎学青！第七届广西万村篮球赛暨广西社区运动会河池市级赛圆满落幕,http://www.lottery.gx.cn/sylm_171188/jdzx/115005.html,2023-11-11
“好运弈棋来” 各市棋手各展风采,http://www.lottery.gx.cn/sylm_171188/jdzx/115006.html,2023-11-11
坚持生命至上 紧抓消防安全 中国体育彩票用责任筑牢安全“防火墙”,http://www.lottery.gx.cn/sylm_171188/jdzx/113766.html,2023-11-09
“汇聚微公益 添彩新征程”走进浙江——公益体彩为“共富浙江”添彩助力,http://www.lottery.gx.cn/sylm_171188/jdzx/111953.html,2023-11-07
学青火炬到梧州，广西体彩梧州借势宣传体彩公益形象和责任彩票建设,http://www.lottery.gx.cn/sylm_171188/jdzx/111692.html,2023-11-06
艺术遇上彩票 顶呱刮“艺彩中华”致敬舞台经典,http://www.lottery.gx.cn/sylm_171188/jdzx/111687.html,2023-11-06
累计筹集公益金超9.31亿元 销量再创历史新高！学青会开幕在即 广西体彩交出一份优异答卷,http://www.lottery.gx.cn/sylm_171188/jdzx/109196.html,2023-11-02
梧州购彩者中得体彩顶呱刮“中国红”100万元,http://www.lottery.gx.cn/sylm_171188/jdzx/109199.html,2023-11-02
从环广西公路自行车世界巡回赛到学青会 看大型赛事里的体彩身影,http://www.lottery.gx.cn/sylm_171188/jdzx/104234.html,2023-10-30
转作风正行风 提素质强队伍 广西体育彩票管理中心举办2023年全员业务素质提升培训班,http://www.lottery.gx.cn/sylm_171188/jdzx/103117.html,2023-10-27
公益体彩为全民健身赋能添彩！助力广西万村篮球赛玉林市级总决赛精彩上演,http://www.lottery.gx.cn/sylm_171188/jdzx/102351.html,2023-10-26
体彩用关爱致敬“城市黄玫瑰”,http://www.lottery.gx.cn/sylm_171188/jdzx/102996.html,2023-10-26
怀敬老之心 传助老之情 中国体育彩票谱写爱老赞歌,http://www.lottery.gx.cn/sylm_171188/jdzx/101450.html,2023-10-23
科普：欧预赛比利时VS瑞典比赛中断，您的彩票怎么计奖？,http://www.lottery.gx.cn/sylm_171188/jdzx/101150.html,2023-10-22
“青春飞扬 激情活力”文体旅商促消费活动在南宁举办  广西体彩展销工作获体育总局领导肯定,http://www.lottery.gx.cn/sylm_171188/jdzx/101071.html,2023-10-21
跨界融合赋能文体旅发展 广西体彩“迎学青社区运动会”精彩纷呈,http://www.lottery.gx.cn/sylm_171188/jdzx/101070.html,2023-10-21
小小吉祥物 深深公益情——乐小星为体彩代言显责任担当,http://www.lottery.gx.cn/sylm_171188/jdzx/99977.html,2023-10-18
多期倍投！玉林幸运儿喜中大乐透二等奖122万,http://www.lottery.gx.cn/sylm_171188/jdzx/99393.html,2023-10-16
关爱生命，“救”在身边！广西体彩梧州分中心助力急救技能大赛火热开展,http://www.lottery.gx.cn/sylm_171188/jdzx/99391.html,2023-10-16
加强交流共促发展：梧州、贺州、防城港分中心赴玉林开展业务交流活动,http://www.lottery.gx.cn/sylm_171188/jdzx/98915.html,2023-10-15
广西体彩梧州分中心开展2023年致敬城市守护者活动,http://www.lottery.gx.cn/sylm_171188/jdzx/97382.html,2023-10-09
以棋会友 梧州龙圩区赛区选手热情参加民间棋王争霸赛,http://www.lottery.gx.cn/sylm_171188/jdzx/97381.html,2023-10-09
广西体彩开展体彩行风治理暨责任彩票培训,http://www.lottery.gx.cn/sylm_171188/jdzx/96200.html,2023-10-08
“公益体彩 快乐操场”2023年广西体彩公益活动走进岑溪市安平镇尖峰小学,http://www.lottery.gx.cn/sylm_171188/jdzx/97378.html,2023-10-08
“公益体彩 快乐操场”2023年广西公益活动走进凌云 趣味体育课让校园充满欢笑,http://www.lottery.gx.cn/sylm_171188/jdzx/95832.html,2023-10-07
千言万语汇成一句话：“我爱您，中国！”,http://www.lottery.gx.cn/sylm_171188/jdzx/93912.html,2023-09-27
守号造就大奖 南宁大乐透一等奖1043万元获得者领奖,http://www.lottery.gx.cn/sylm_171188/jdzx/93643.html,2023-09-26
“公益体彩 快乐操场”广西公益活动走进桂林阳朔县白沙镇观桥小学,http://www.lottery.gx.cn/sylm_171188/jdzx/93039.html,2023-09-25
大乐透开出3注1000万元一等奖 南宁购彩者喜中1043万元,http://www.lottery.gx.cn/sylm_171188/jdzx/92848.html,2023-09-24
“公益体彩 快乐操场”2023广西公益活动走进融水 打开村小学生体育新世界,http://www.lottery.gx.cn/sylm_171188/jdzx/92437.html,2023-09-22
广西体彩百色分中心开展2023年致敬城市守护者送清凉公益活动,http://www.lottery.gx.cn/sylm_171188/jdzx/92438.html,2023-09-22
艺高人胆大！南宁小伙精准命中竞彩足球306万,http://www.lottery.gx.cn/sylm_171188/jdzx/92539.html,2023-09-22
以第七届广西万村篮球赛为媒 广西体彩梧州分中心公益及责任彩票宣推工作有声有色,http://www.lottery.gx.cn/sylm_171188/jdzx/92070.html,2023-09-21
擦亮眼睛！别让非法彩票有机可乘,http://www.lottery.gx.cn/sylm_171188/jdzx/92068.html,2023-09-21
携梦而行 温暖出发 “公益体彩 快乐操场”广西公益活动走进富川,http://www.lottery.gx.cn/sylm_171188/jdzx/91693.html,2023-09-19
助力造血干细胞捐献 体彩用爱为生命续航,http://www.lottery.gx.cn/sylm_171188/jdzx/90999.html,2023-09-18
“迎学青 庆东盟”体彩微光公益在行动,http://www.lottery.gx.cn/sylm_171188/jdzx/90375.html,2023-09-16
“公益体彩 快乐操场”2023年广西体彩公益活动走进玉林北流市新丰镇大村小学,http://www.lottery.gx.cn/sylm_171188/jdzx/90372.html,2023-09-16
“微光行动 益起出彩”！桂林、百色相继举办公益慰问活动,http://www.lottery.gx.cn/sylm_171188/jdzx/90384.html,2023-09-16
又上新啦！体彩商业综合体展示体验中心落户梧州、贵港,http://www.lottery.gx.cn/sylm_171188/jdzx/90695.html,2023-09-15
微光行动情暖人心　来宾体彩慰问环卫工人和贫困学子,http://www.lottery.gx.cn/sylm_171188/jdzx/88272.html,2023-09-14
加强责任担当 提升服务质量 广西体彩首届实体店销售人员技能大赛深受好评,http://www.lottery.gx.cn/sylm_171188/jdzx/87794.html,2023-09-13
南宁退休大叔喜中体彩“排列5”奖金100万 家人陪同领奖,http://www.lottery.gx.cn/sylm_171188/jdzx/87796.html,2023-09-13
来宾购彩者守中大乐透1528万元 体彩公信见证官见证兑奖全过程,http://www.lottery.gx.cn/sylm_171188/jdzx/87524.html,2023-09-12
广西体彩玉林分中心开展致敬城市守护者公益行活动,http://www.lottery.gx.cn/sylm_171188/jdzx/86982.html,2023-09-11
全民健身动起来！体彩社区运动会陪你嗨翻贵港、玉林,http://www.lottery.gx.cn/sylm_171188/jdzx/87214.html,2023-09-11
2023年广西体彩实体店销售人员技能大赛在南宁收官,http://www.lottery.gx.cn/sylm_171188/jdzx/84957.html,2023-09-08
大乐透开出6注一等奖 广西来宾喜中大乐透1528万元,http://www.lottery.gx.cn/sylm_171188/jdzx/85728.html,2023-09-08
关于2023年7星彩派奖活动结束的公告,http://www.lottery.gx.cn/sylm_171188/jdzx/84075.html,2023-09-06
体彩开奖信息发布渠道上新短视频直播平台,http://www.lottery.gx.cn/sylm_171188/jdzx/84295.html,2023-09-06
好运爆棚！贺州大乐透一等奖1101万元获得者现身领奖,http://www.lottery.gx.cn/sylm_171188/jdzx/83188.html,2023-09-04
“迈开步 动出彩”！广西体彩社区运动会点燃百色市民助力公益热情,http://www.lottery.gx.cn/sylm_171188/jdzx/83185.html,2023-09-04
广西体育彩票管理中心召开学习贯彻习近平新时代中国特色社会主义思想主题教育专题组织生活会,http://www.lottery.gx.cn/sylm_171188/jdzx/83186.html,2023-09-04
托起百姓幸福梦！2022年中央集中彩票公益金使用情况发布,http://www.lottery.gx.cn/sylm_171188/jdzx/82615.html,2023-09-03
防城港购彩者机选号码喜中大乐透102万元,http://www.lottery.gx.cn/sylm_171188/jdzx/81951.html,2023-09-01
广西体彩防城港分中心开展2023年致敬城市守护者送清凉活动,http://www.lottery.gx.cn/sylm_171188/jdzx/82241.html,2023-09-01
广西体彩河池分中心开展“微光行动 益起出彩”致敬城市守护者送清凉活动,http://www.lottery.gx.cn/sylm_171188/jdzx/81281.html,2023-08-31
南宁足球爱好者收获足彩259万元大奖,http://www.lottery.gx.cn/sylm_171188/jdzx/80798.html,2023-08-29
迎学青会，南宁市社区全民健身运动会启动,http://www.lottery.gx.cn/sylm_171188/jdzx/80799.html,2023-08-29
体彩助力法律援助 搭建法治惠民暖心桥,http://www.lottery.gx.cn/sylm_171188/jdzx/79689.html,2023-08-25
收获颇丰！《职场会客厅》创业沙龙分享会圆创业者一个梦！,http://www.lottery.gx.cn/sylm_171188/jdzx/78643.html,2023-08-23
体彩商业综合体展示体验中心进驻南宁会展航洋城,http://www.lottery.gx.cn/sylm_171188/jdzx/78642.html,2023-08-23
秉承公益初心，履行社会责任——广西体彩开展形式多样的责任彩票宣传,http://www.lottery.gx.cn/sylm_171188/jdzx/78473.html,2023-08-22
体彩追梦人韩振：从国防绿到体彩红,http://www.lottery.gx.cn/sylm_171188/jdzx/78148.html,2023-08-21
“迎学青 动出彩”！广西体彩社区运动会暨来宾市首届代销者趣味运动会热闹举办,http://www.lottery.gx.cn/sylm_171188/jdzx/77323.html,2023-08-19
上班途中顺手而为，防城港市一购彩者喜中顶呱刮“倍儿爽”10万元大奖,http://www.lottery.gx.cn/sylm_171188/jdzx/77322.html,2023-08-19
以赛事为引领促人员能力提升！广西体彩梧州分中心举办2023年销售员技能大赛,http://www.lottery.gx.cn/sylm_171188/jdzx/76453.html,2023-08-17
迎学青盛会 展文明形象 广西体彩开展微光行动致敬城市守护者,http://www.lottery.gx.cn/sylm_171188/jdzx/75804.html,2023-08-16
推动高质量发展 广西体彩为实体店“涨工资”,http://www.lottery.gx.cn/sylm_171188/jdzx/75289.html,2023-08-15
迈开步 动出彩——体彩社区运动会南宁站活动在李宁体育园热力上演,http://www.lottery.gx.cn/sylm_171188/jdzx/74667.html,2023-08-13
广西体彩积极拓宽新型销售渠道 商业综合体展示体验中心店遍地开花,http://www.lottery.gx.cn/sylm_171188/jdzx/74344.html,2023-08-11
选拔人员参与全区大比拼——广西体彩各市分中心举办销售员技能大赛,http://www.lottery.gx.cn/sylm_171188/jdzx/74345.html,2023-08-11
全民健身，体彩同行！广西体彩梧州分中心助力“全民健身日”活动,http://www.lottery.gx.cn/sylm_171188/jdzx/74347.html,2023-08-11
中国体育彩票为大运会添彩,http://www.lottery.gx.cn/sylm_171188/jdzx/72228.html,2023-08-04
广西体彩召开2023年上半年市场形势分析会,http://www.lottery.gx.cn/sylm_171188/jdzx/72712.html,2023-08-04
为梦想添彩！体彩7星彩5000万派奖即将“发车”,http://www.lottery.gx.cn/sylm_171188/jdzx/72035.html,2023-08-03
广西购彩者中得大乐透1000万元头奖 奥运冠军陆永现身为其颁奖,http://www.lottery.gx.cn/sylm_171188/jdzx/71809.html,2023-08-02
2023年体彩民间棋王争霸赛广西赛区火热开启！快到体彩实体店报名参与海选,http://www.lottery.gx.cn/sylm_171188/jdzx/71374.html,2023-08-01
好运相伴 惊喜相随！体彩7星彩派奖即将来袭,http://www.lottery.gx.cn/sylm_171188/jdzx/71403.html,2023-08-01
106万！河池球迷喜中足彩14场胜负游戏一等奖,http://www.lottery.gx.cn/sylm_171188/jdzx/71369.html,2023-08-01
不改军人本色 践行使命担当——他们在体彩阵营继续冲锋陷阵,http://www.lottery.gx.cn/sylm_171188/jdzx/71239.html,2023-08-01
传递向上向善正能量 解读中国体育彩票2022社会责任报告里的“乐善同行”,http://www.lottery.gx.cn/sylm_171188/jdzx/70494.html,2023-07-29
清凉送出去 纳凉迎进来——体彩出“凉策”关爱暖人心,http://www.lottery.gx.cn/sylm_171188/jdzx/69160.html,2023-07-25
广西体彩梧州分中心积极融入社区公益便民活动借势宣推体育彩票公益公信品牌形象,http://www.lottery.gx.cn/sylm_171188/jdzx/69040.html,2023-07-24
添彩新征程 奋楫再出发——2022体彩追梦人展示交流活动隆重举行,http://www.lottery.gx.cn/sylm_171188/jdzx/67022.html,2023-07-20
承载冰雪运动健儿梦想与期盼 体彩公益金助力“十四冬”主场馆建设,http://www.lottery.gx.cn/sylm_171188/jdzx/65284.html,2023-07-16
趁现在，体彩顶呱刮带你“说走就走”！,http://www.lottery.gx.cn/sylm_171188/jdzx/64591.html,2023-07-14
助力全民健身，体彩公益金勇当先,http://www.lottery.gx.cn/sylm_171188/jdzx/64167.html,2023-07-13
一束“光”折射万缕“辉” 《社会责任报告》中的省市色彩,http://www.lottery.gx.cn/sylm_171188/jdzx/64243.html,2023-07-13
访民情，解民难，办实事，促振兴 广西体彩中心开展脱贫群众大回访行动,http://www.lottery.gx.cn/sylm_171188/jdzx/64340.html,2023-07-13
公益体彩支持体育后备人才培养 助力青少年体育高水平发展,http://www.lottery.gx.cn/sylm_171188/jdzx/63773.html,2023-07-11
“环湖赛”首站鸣枪开赛 公益体彩始终相随,http://www.lottery.gx.cn/sylm_171188/jdzx/63268.html,2023-07-10
共话温暖 共叙责任 体彩“责任凝聚 微光筑梦”公益沙龙顺利举行,http://www.lottery.gx.cn/sylm_171188/jdzx/63269.html,2023-07-10
与科学健身指导进社区结合 广西体彩梧州分中心积极开展体彩公益及责任彩票宣推活动,http://www.lottery.gx.cn/sylm_171188/jdzx/62901.html,2023-07-07
责任凝聚 微光筑梦——“五个关键词”讲述体彩2022年社会责任成果,http://www.lottery.gx.cn/sylm_171188/jdzx/62886.html,2023-07-07
责任践行 乐善同行——解读《中国体育彩票2022社会责任报告》,http://www.lottery.gx.cn/sylm_171188/jdzx/61748.html,2023-07-05
厉害了！桂林购彩者喜中传统足彩14场胜负403万,http://www.lottery.gx.cn/sylm_171188/jdzx/60453.html,2023-07-04
销售超23亿 筹集公益金5.53亿 广西体彩上半年交出亮眼成绩单,http://www.lottery.gx.cn/sylm_171188/jdzx/60416.html,2023-07-04
责任凝聚 微光筑梦 2022年中国体育彩票（1＋31）社会责任报告发布会在京举行,http://www.lottery.gx.cn/sylm_171188/jdzx/60223.html,2023-07-03
广西体彩发布2022年社会责任报告,http://www.lottery.gx.cn/sylm_171188/jdzx/60219.html,2023-07-03
微光添彩再续航！33亿体彩公益金为梦想赋能,http://www.lottery.gx.cn/sylm_171188/jdzx/59431.html,2023-07-02
广西体彩党支部第三党小组开展“七一”下基层慰问活动,http://www.lottery.gx.cn/sylm_171188/jdzx/59427.html,2023-07-02
以学促干 高质量推动主题教育走深走实——广西体育彩票管理中心举行主题教育学习成果分享交流会,http://www.lottery.gx.cn/sylm_171188/jdzx/59270.html,2023-07-01
党员亮身份 服务暖人心 党旗在体彩一线高高飘扬,http://www.lottery.gx.cn/sylm_171188/jdzx/59262.html,2023-07-01
深化警示教育 纵深推进全面从严治党——广西体育彩票管理中心党支部召开从严治党暨党风廉政建设工作会议,http://www.lottery.gx.cn/sylm_171188/jdzx/59267.html,2023-07-01
敬请期待！2022年中国体育彩票 （1+31）社会责任报告即将发布,http://www.lottery.gx.cn/sylm_171188/jdzx/57775.html,2023-06-29
为体育注活力 为群众送健康　体彩用行动弘扬奥林匹克精神,http://www.lottery.gx.cn/sylm_171188/jdzx/55218.html,2023-06-23
“公益体彩 快乐操场”2023年广西公益活动走进来宾市忻城县遂意乡中心小学,http://www.lottery.gx.cn/sylm_171188/jdzx/55026.html,2023-06-22
顽强拼搏 赛出风采　广西体彩参加全民健身运动会成绩喜人,http://www.lottery.gx.cn/sylm_171188/jdzx/54837.html,2023-06-21
玉林体彩开展“体彩微光行动 助力贫困学子”公益慰问活动,http://www.lottery.gx.cn/sylm_171188/jdzx/54827.html,2023-06-21
汇聚微光 让爱传递 北海分中心开展端午慰问活动,http://www.lottery.gx.cn/sylm_171188/jdzx/54825.html,2023-06-21
广西体彩钦州分中心开展安全生产大讲堂专题培训 牢固树立红线意识和底线思维,http://www.lottery.gx.cn/sylm_171188/jdzx/54822.html,2023-06-21
“公益体彩 快乐操场”2023年广西体彩公益活动走进钦州市灵山县那隆镇思法小学,http://www.lottery.gx.cn/sylm_171188/jdzx/54439.html,2023-06-21
中国体育彩票织密筑牢安全生产网,http://www.lottery.gx.cn/sylm_171188/jdzx/53272.html,2023-06-16
体彩人用热血让生命更有温度,http://www.lottery.gx.cn/sylm_171188/jdzx/52935.html,2023-06-15
成就梦想 快乐操场 光点凝聚 筑梦起航,http://www.lottery.gx.cn/sylm_171188/jdzx/52021.html,2023-06-12
广西体彩2023年高校培训沙龙正式启动,http://www.lottery.gx.cn/sylm_171188/jdzx/52015.html,2023-06-12
广西体彩中心调研组深入一线开展市场调研,http://www.lottery.gx.cn/sylm_171188/jdzx/51616.html,2023-06-10
公益体彩 快乐操场 | 2023年广西体彩快乐速递请查收,http://www.lottery.gx.cn/sylm_171188/jdzx/51420.html,2023-06-09
防患于未“燃”，筑牢安全“防火墙”——广西体彩组织开展消防安全知识培训及消防演练,http://www.lottery.gx.cn/sylm_171188/jdzx/49261.html,2023-06-05
防城港体彩分中心联合东兴体彩代销人员开展主题教育读书班“红色教育基地”现场教学活动,http://www.lottery.gx.cn/sylm_171188/jdzx/48435.html,2023-06-02
百色体彩“微光行动”走进特殊教育学校  为孩子们送去“六一”礼物,http://www.lottery.gx.cn/sylm_171188/jdzx/48431.html,2023-06-02
广西体彩崇左分中心组织开展“学思想、强党性、重实践、建新功”主题现场教学活动,http://www.lottery.gx.cn/sylm_171188/jdzx/48439.html,2023-06-02
爱心助残体彩相伴 防城港体彩开展慰问残疾运动员公益活动,http://www.lottery.gx.cn/sylm_171188/jdzx/47717.html,2023-06-01
广西体彩防城港分中心走进茅岭镇中心小学开展爱心图书捐赠活动,http://www.lottery.gx.cn/sylm_171188/jdzx/48064.html,2023-06-01
世界冠军助阵！“公益体彩 快乐操场”2023年广西公益活动首站走进武鸣,http://www.lottery.gx.cn/sylm_171188/jdzx/48066.html,2023-06-01
广西体育彩票管理中心主题教育读书班举行第二次集中学习暨专题研讨会,http://www.lottery.gx.cn/sylm_171188/jdzx/47713.html,2023-06-01
广西体彩钦州分中心开展即开型体育彩票营销技能专项培训,http://www.lottery.gx.cn/sylm_171188/jdzx/47721.html,2023-06-01
坚守责任底线 体彩构筑保护未成年人“防护墙”,http://www.lottery.gx.cn/sylm_171188/jdzx/47461.html,2023-05-31
与失依儿童手拉手 广西体彩携手“童”行六一儿童节公益活动走进明天学校,http://www.lottery.gx.cn/sylm_171188/jdzx/47466.html,2023-05-31
广西体彩“微光行动爱心送考”报名开始啦！,http://www.lottery.gx.cn/sylm_171188/jdzx/46848.html,2023-05-29
他说，他是一个《幸运儿》,http://www.lottery.gx.cn/sylm_171188/jdzx/46687.html,2023-05-29
以冠名支持体育赛事为抓手 广西体彩梧州分中心助力全民健身事业发展,http://www.lottery.gx.cn/sylm_171188/jdzx/46850.html,2023-05-29
乐透16年：盛开的“小梦想”快乐的“调味剂”,http://www.lottery.gx.cn/sylm_171188/jdzx/46464.html,2023-05-28
广西体育彩票管理中心主题教育读书班赴林景云故居红色基地开展现场教学,http://www.lottery.gx.cn/sylm_171188/jdzx/46189.html,2023-05-26
广西体育彩票管理中心召开重大事故隐患专项排查整治动员部署会,http://www.lottery.gx.cn/sylm_171188/jdzx/45883.html,2023-05-26
梧州体彩开展新增实体店从业队伍营销技能专项培训,http://www.lottery.gx.cn/sylm_171188/jdzx/45879.html,2023-05-26
广西体育彩票管理中心开展主题教育读书班第五次集中学习研讨,http://www.lottery.gx.cn/sylm_171188/jdzx/45881.html,2023-05-26
广西体育彩票管理中心开展主题教育读书班第四次集中学习研讨,http://www.lottery.gx.cn/sylm_171188/jdzx/45043.html,2023-05-23
彩票还能做科普？get彩票新技能！,http://www.lottery.gx.cn/sylm_171188/jdzx/45102.html,2023-05-23
邂逅520浪漫之约，中国体育彩票“好彩连连 快乐翻番”快闪活动惊喜不断,http://www.lottery.gx.cn/sylm_171188/jdzx/44604.html,2023-05-22
强信心送爱心暖民心 体彩用公益之光照亮残疾人前行之路,http://www.lottery.gx.cn/sylm_171188/jdzx/44416.html,2023-05-22
广西体育彩票管理中心主题教育读书班举行专题辅导,http://www.lottery.gx.cn/sylm_171188/jdzx/44042.html,2023-05-20
买彩票为何成为“新流行”？来中国体育彩票寻找答案,http://www.lottery.gx.cn/sylm_171188/jdzx/42696.html,2023-05-19
“火凤凰”强势来袭，龙凤CP已团聚，速来围观！,http://www.lottery.gx.cn/sylm_171188/jdzx/41052.html,2023-05-16
广西体彩中心学习贯彻习近平新时代中国特色社会主义思想主题教育读书班开班并开展第一次集中学习,http://www.lottery.gx.cn/sylm_171188/jdzx/40795.html,2023-05-15
百色市首家体育彩票商业综合体门店“开门揖客”,http://www.lottery.gx.cn/sylm_171188/jdzx/40363.html,2023-05-14
青年体彩人用奋斗谱写青春乐章,http://www.lottery.gx.cn/sylm_171188/jdzx/35281.html,2023-05-05
“壮族三月三”狂欢一整月 各地体彩嘉年华精彩纷呈,http://www.lottery.gx.cn/sylm_171188/jdzx/33432.html,2023-04-28
学习思想 紧抓调研 实干出彩——广西体育彩票管理中心召开学习贯彻习近平新时代中国特色社会主义思想主题教育工作会议,http://www.lottery.gx.cn/sylm_171188/jdzx/33431.html,2023-04-28
超级大乐透10亿派奖正酣——购彩宜适度 快乐永相伴！,http://www.lottery.gx.cn/sylm_171188/jdzx/33017.html,2023-04-27
钦州购彩者喜中排列五100万元大奖,http://www.lottery.gx.cn/sylm_171188/jdzx/33093.html,2023-04-27
“公益体彩 快乐操场”2023年广西公益活动拟捐赠学校公示,http://www.lottery.gx.cn/sylm_171188/jdzx/32746.html,2023-04-26
钦州体彩：强化责任彩票建设 助力体育彩票发展,http://www.lottery.gx.cn/sylm_171188/jdzx/32438.html,2023-04-25
广西体彩钦州分中心助力钦州“壮族三月三”相关活动,http://www.lottery.gx.cn/sylm_171188/jdzx/31545.html,2023-04-22
广西体彩助力“壮族三月三 宜州嘉年华”少数民族传统体育竞赛活动热闹举办,http://www.lottery.gx.cn/sylm_171188/jdzx/31425.html,2023-04-21
广西体彩与您相约“三月三”,http://www.lottery.gx.cn/sylm_171188/jdzx/31427.html,2023-04-21
公益体彩倾情助力　三千余全国跑者竞逐2023黄姚古镇长寿马拉松,http://www.lottery.gx.cn/sylm_171188/jdzx/30730.html,2023-04-19
从开业到片区销冠，防城港市这家体彩实体店的店主说……,http://www.lottery.gx.cn/sylm_171188/jdzx/30376.html,2023-04-18
广西体彩梧州分中心开展“壮族三月三”进社区惠民公益宣传推广活动,http://www.lottery.gx.cn/sylm_171188/jdzx/29776.html,2023-04-16
快乐操场 | 2023年“公益体彩 快乐操场”活动征集报名正在进行中，抓紧时间报名啦！,http://www.lottery.gx.cn/sylm_171188/jdzx/29373.html,2023-04-14
梧州大乐透78万元大奖领奖团露脸领奖,http://www.lottery.gx.cn/sylm_171188/jdzx/29366.html,2023-04-14
活动预热 | 玩转10亿大派奖，“快乐制造营”邀你来嗨！,https://mp.weixin.qq.com/s/oUxvSOLxOvioV3etCi9oeA,2023-04-14
223注头奖，单票最高2.4亿元！,http://www.lottery.gx.cn/sylm_171188/jdzx/28500.html,2023-04-12
体彩大乐透10亿大派奖首期 一人喜中3299万元一等奖,http://www.lottery.gx.cn/sylm_171188/jdzx/28152.html,2023-04-11
体彩大乐透10亿大派奖首期开奖即将揭晓,http://www.lottery.gx.cn/sylm_171188/jdzx/27929.html,2023-04-10
体彩超级大乐透10亿大派奖倒计时！惊喜盛宴引爆春日狂欢！,http://www.lottery.gx.cn/sylm_171188/jdzx/27563.html,2023-04-08
助力新时代文明实践进乡村 广西体彩公益宣传活动走进梧州市藤县南安村,http://www.lottery.gx.cn/sylm_171188/jdzx/27173.html,2023-04-06
防城港吹响全市体彩代销者“集结号”：体育彩票营销培训工作有声有色开展,http://www.lottery.gx.cn/sylm_171188/jdzx/27154.html,2023-04-06
关于开展2023年超级大乐透派奖活动的公告,http://www.lottery.gx.cn/sylm_171188/jdzx/26408.html,2023-04-03
梧州体彩开展慰问退役老兵活动,http://www.lottery.gx.cn/sylm_171188/jdzx/26418.html,2023-04-03
建设体育公园 助力全民健身 体彩为大众休闲运动贡献力量,http://www.lottery.gx.cn/sylm_171188/jdzx/25699.html,2023-03-31
超级加倍II惊喜回归，幸运“X”持续加倍！,http://www.lottery.gx.cn/sylm_171188/jdzx/25421.html,2023-03-30
公益体彩助力畅游邕江全民健身活动,http://www.lottery.gx.cn/sylm_171188/jdzx/25409.html,2023-03-30
圆梦微心愿，爱心助成长！广西体彩玉林分中心为100名儿童实现微心愿,http://www.lottery.gx.cn/sylm_171188/jdzx/25411.html,2023-03-30
体彩超级大乐透10亿大派奖即将来袭惊喜持续绽放,http://www.lottery.gx.cn/sylm_171188/jdzx/25248.html,2023-03-29
南宁购彩者6元擒大乐透790万 带好友体验领奖,http://www.lottery.gx.cn/sylm_171188/jdzx/25071.html,2023-03-28
广西体彩河池分中心开展“责任在心 乐善同行”公益推广活动,http://www.lottery.gx.cn/sylm_171188/jdzx/24510.html,2023-03-26
商业综合体体彩店再添新成员 南宁大唐天城店开业,http://www.lottery.gx.cn/sylm_171188/jdzx/23754.html,2023-03-23
跑出“加速度”  实现“开门红”  广西体彩今年销量突破10亿元,http://www.lottery.gx.cn/sylm_171188/jdzx/23403.html,2023-03-22
无偿献血 志愿服务 义务植树——体彩在春天里播撒公益的种子,http://www.lottery.gx.cn/sylm_171188/jdzx/23010.html,2023-03-21
听说有内幕？“葱桶组合”探秘体彩开奖现场,http://www.lottery.gx.cn/sylm_171188/jdzx/22701.html,2023-03-20
喜庆顶呱刮15周年  “超级加倍Ⅱ”携多重好礼来袭,http://www.lottery.gx.cn/sylm_171188/jdzx/22426.html,2023-03-19
广西体育彩票管理中心传达学习全国两会精神,http://www.lottery.gx.cn/sylm_171188/jdzx/22150.html,2023-03-17
梧州体彩进社区开展“3・15”购彩者权益保护宣传活动,http://www.lottery.gx.cn/sylm_171188/jdzx/22151.html,2023-03-17
广西体彩党支部开展典型案例警示教育活动,http://www.lottery.gx.cn/sylm_171188/jdzx/22147.html,2023-03-17
维护购彩者权益！广西体彩开展责任彩票3·15公益宣传,http://www.lottery.gx.cn/sylm_171188/jdzx/21704.html,2023-03-15
体彩维护购彩者权益 践行责任彩票理念,http://www.lottery.gx.cn/sylm_171188/jdzx/21700.html,2023-03-15
责任在心 乐善同行——广西体彩助力3•15特别节目录制,http://www.lottery.gx.cn/sylm_171188/jdzx/21698.html,2023-03-15
有奖测试！你的彩票防诈段位是____？,http://www.lottery.gx.cn/sylm_171188/jdzx/21156.html,2023-03-13
广西体彩开展“学习二十大精神、追寻总书记足迹”主题党日活动,http://www.lottery.gx.cn/sylm_171188/jdzx/20881.html,2023-03-12
这些口号为责任彩票理念传播注入新活力！,http://www.lottery.gx.cn/sylm_171188/jdzx/20395.html,2023-03-10
“两癌”救助金 情暖妇女心——彩票公益金为增进民生福祉贡献力量,http://www.lottery.gx.cn/sylm_171188/jdzx/20158.html,2023-03-09
广西体彩党支部举办第一季度专题党课,http://www.lottery.gx.cn/sylm_171188/jdzx/19917.html,2023-03-08
玉林市中出体彩大乐透999万元大奖投注站点庆典活动热闹举行,http://www.lottery.gx.cn/sylm_171188/jdzx/19914.html,2023-03-08
广西体彩学习贯彻党的二十大精神暨第一季度党性教育培训班开班,http://www.lottery.gx.cn/sylm_171188/jdzx/20060.html,2023-03-08
体育科普活动走进广西荔浦 体彩趣味运动会受市民喜爱,http://www.lottery.gx.cn/sylm_171188/jdzx/19892.html,2023-03-07
两会列出民生清单体彩书写爱心账单 中国体育彩票惠民生、解民忧、暖民心,http://www.lottery.gx.cn/sylm_171188/jdzx/19891.html,2023-03-07
广西体彩梧州分中心积极参与志愿服务活动 开展体彩公益和责任彩票宣传,http://www.lottery.gx.cn/sylm_171188/jdzx/19893.html,2023-03-07
党建引领促进业务交流——广西体彩中心党支部第五党小组到贵港市开展党建工作学习交流,http://www.lottery.gx.cn/sylm_171188/jdzx/20522.html,2023-03-06
强信心 开好局！广西体彩抓早抓紧抓实  加力提速勇争先,http://www.lottery.gx.cn/sylm_171188/jdzx/19846.html,2023-03-01
广西棋手石才贯勇夺全国象棋民间棋王争霸赛冠军,http://www.lottery.gx.cn/sylm_171188/jdzx/19830.html,2023-02-28
双喜临门！玉林、南宁大乐透一等奖得主同日领奖,http://www.lottery.gx.cn/sylm_171188/jdzx/19831.html,2023-02-28
这些口号让责任彩票理念“入脑入心” 责任彩票建设方能践之于行,http://www.lottery.gx.cn/sylm_171188/jdzx/19838.html,2023-02-28
999万！550万！广西购彩者斩获2注大乐透一等奖,http://www.lottery.gx.cn/sylm_171188/jdzx/19827.html,2023-02-26
广西体彩桂东三地分中心开展业务交流活动,http://www.lottery.gx.cn/sylm_171188/jdzx/19823.html,2023-02-25
棋逢对手!体彩民间棋王争霸赛总决赛开战,http://www.lottery.gx.cn/sylm_171188/jdzx/19825.html,2023-02-25
由于对数字兴趣浓厚 桂林一退休数学老师“胆拖”擒获大乐透二等奖,http://www.lottery.gx.cn/sylm_171188/jdzx/19776.html,2023-02-22
冬季标配，当然是“冰雪”！,http://www.lottery.gx.cn/sylm_171188/jdzx/19750.html,2023-02-19
转变就业观念  拓展创业渠道,http://www.lottery.gx.cn/sylm_171188/jdzx/19753.html,2023-02-19
209万！贺州资深足球迷喜中足彩14场胜负一等奖,http://www.lottery.gx.cn/sylm_171188/jdzx/19748.html,2023-02-18
贺州富川中出体彩顶呱刮25万元大奖！90后店主表示…...,http://www.lottery.gx.cn/sylm_171188/jdzx/19679.html,2023-02-17
暖！体彩人关爱救助金助实体店代销者纾困,http://www.lottery.gx.cn/sylm_171188/jdzx/19677.html,2023-02-17
广西体彩召开2023年全区体育彩票业务工作部署会,http://www.lottery.gx.cn/sylm_171188/jdzx/19650.html,2023-02-15
新鲜出炉！责任彩票宣传口号征集活动结果揭晓,http://www.lottery.gx.cn/sylm_171188/jdzx/19654.html,2023-02-15
南宁之夜的体彩小站，等你来打卡！,http://www.lottery.gx.cn/sylm_171188/jdzx/19666.html,2023-02-14
广西体彩桂林分中心举办职工春季游园活动,http://www.lottery.gx.cn/sylm_171188/jdzx/19667.html,2023-02-14
广西体彩开展党的二十大精神专题宣讲会,http://www.lottery.gx.cn/sylm_171188/jdzx/19638.html,2023-02-08
翻倍好运！新春伊始梧州购彩者喜中体彩顶呱刮25万大奖,http://www.lottery.gx.cn/sylm_171188/jdzx/19478.html,2023-02-08
体彩新春季惊喜持续发放中，5G手机等您赢！,http://www.lottery.gx.cn/sylm_171188/jdzx/19640.html,2023-02-07
广西体彩开展“爱国爱彩共奋进、党群欢聚庆元宵”主题党日活动,http://www.lottery.gx.cn/sylm_171188/jdzx/19218.html,2023-02-06
践行责任担当 感受人文关怀,http://www.lottery.gx.cn/sylm_171188/jdzx/19669.html,2023-02-04
过年“不停摆” 爱心“不打烊” ——体彩人的别样春节,http://www.lottery.gx.cn/sylm_171188/jdzx/18896.html,2023-01-30
2023开工大吉！体彩助力开工添好彩，新年接好运,http://www.lottery.gx.cn/sylm_171188/jdzx/18794.html,2023-01-30
开年即开跑！广西体彩多举措抢抓2023年“开门红”,http://www.lottery.gx.cn/sylm_171188/jdzx/18751.html,2023-01-12
关怀慰问暖人心 广西体彩开展基层网点新春慰问活动,http://www.lottery.gx.cn/sylm_171188/jdzx/18749.html,2023-01-11
大乐透开出5注1000万元,http://www.lottery.gx.cn/sylm_171188/jdzx/18747.html,2023-01-11
国家体彩中心发布两则即开票停售公告,http://www.lottery.gx.cn/sylm_171188/jdzx/18745.html,2023-01-10
2022中国体育彩票“竞彩杯”足球赛圆满落下帷幕,http://www.lottery.gx.cn/sylm_171188/jdzx/18743.html,2023-01-10
大乐透开出3注1000万元,http://www.lottery.gx.cn/sylm_171188/jdzx/18741.html,2023-01-09
大乐透开出6注一等奖 单注最高1800万,http://www.lottery.gx.cn/sylm_171188/jdzx/18739.html,2023-01-07
传足第23005期看点：双蓝会曼城占优 巴萨核心停赛,http://www.lottery.gx.cn/sylm_171188/jdzx/18734.html,2023-01-06
南宁购彩者刮出顶呱刮头奖100万 众多新春福利正在派送中,http://www.lottery.gx.cn/sylm_171188/jdzx/18737.html,2023-01-06
新的一年，让梦想触手可及！ 公益体彩助梦嘉年华亮相南宁,http://www.lottery.gx.cn/sylm_171188/jdzx/18732.html,2023-01-05
广西体彩全年销售近33亿  筹集公益金超8亿元 谱写高质量发展新篇章,http://www.lottery.gx.cn/sylm_171188/jdzx/18442.html,2023-01-04
广西体彩全年销售近33亿 筹集公益金超8亿元 谱写高质量发展新篇章,http://www.lottery.gx.cn/sylm_171188/jdzx/18727.html,2023-01-04
大乐透开出3注一等奖 单注奖金1000万元,http://www.lottery.gx.cn/sylm_171188/jdzx/18730.html,2023-01-04
迎新登高促健康，踔厉奋发向未来,http://www.lottery.gx.cn/sylm_171188/jdzx/18441.html,2023-01-02
今日起，体彩的这个规定开始实施,http://www.lottery.gx.cn/sylm_171188/jdzx/18440.html,2023-01-01
